,food insecurity rate,obesity rate,diabetes rate
0,0.102623361144,0.295479141836,0.0928414779499
1,0.244602739726,0.381719178082,0.151897260274
2,0.119264150943,0.226091194969,0.0736949685535
3,0.132551898734,0.320935443038,0.115208860759
4,0.179084210526,0.341254385965,0.130119298246
5,0.162136554622,0.284764705882,0.0996344537815
